Province/State,Country/Region,Lat,Long,12/31/2020,1/1/2021,1/2/2021,1/3/2021,1/4/2021,1/5/2021,1/6/2021,1/7/2021,1/8/2021,1/9/2021,1/10/2021,1/11/2021,1/12/2021,1/13/2021,1/14/2021,1/15/2021,1/16/2021,1/17/2021,1/18/2021,1/19/2021
,Afghanistan,33.93911,67.709953,51526,51526,51526,51526,53011,53105,53105,53207,53332,53400,53489,53538,53584,53584,53775,53831,53938,53984,54062,54141
,Albania,41.1533,20.1683,58316,58316,58991,59438,59623,60283,61008,61705,62378,63033,63595,63971,64627,65334,65994,66635,67216,67690,67982,68568
,Algeria,28.0339,1.6596,99610,99897,100159,100408,100645,100873,101120,101382,101657,101913,102144,102369,102641,102860,103127,103381,103611,103833,104092,104341
,Andorra,42.5063,1.5218,8049,8117,8166,8192,8249,8308,8348,8348,8489,8586,8586,8586,8682,8818,8868,8946,9038,9083,9083,9194
,Angola,-11.2027,17.8739,17553,17568,17608,17642,17684,17756,17864,17974,18066,18156,18193,18254,18343,18425,18613,18679,18765,18875,18926,19011
,Antigua and Barbuda,17.0608,-61.7964,159,159,159,160,160,160,163,163,167,169,176,176,176,176,184,184,187,189,189,190
,Argentina,-38.4161,-63.6167,1625514,1629594,1634834,1640718,1648940,1662730,1676171,1690006,1703352,1714409,1722217,1730921,1744704,1757429,1770715,1783047,1791979,1799243,1807428,1819569
,Armenia,40.0691,45.0382,159409,159738,159798,160027,160220,160544,160853,161054,161415,161794,162131,162288,162643,163128,163576,163972,164235,164586,164676,164912
Australian Capital Territory,Australia,-35.4735,149.0124,118,118,118,118,118,118,118,118,118,118,118,118,118,118,118,118,118,118,118,118
New South Wales,Australia,-33.8688,151.2093,4928,4947,4958,4965,4973,4978,4984,4995,5001,5007,5018,5034,5041,5043,5045,5057,5066,5074,5076,5079
Northern Territory,Australia,-12.4634,130.8456,75,75,81,81,81,87,87,88,90,90,90,90,91,93,93,93,93,93,93,95
Queensland,Australia,-27.4698,153.0251,1253,1255,1255,1260,1262,1263,1265,1274,1274,1274,1278,1281,1283,1287,1290,1291,1293,1294,1297,1299
South Australia,Australia,-34.9285,138.6007,580,580,580,583,581,582,582,585,587,587,588,588,590,590,591,593,593,593,593,594
Tasmania,Australia,-42.8821,147.3272,234,234,234,234,234,234,234,234,234,234,234,234,234,234,234,234,234,234,234,234
Victoria,Australia,-37.8136,144.9631,20376,20388,20391,20395,20399,20402,20402,20403,20404,20410,20411,20411,20414,20414,20414,20417,20424,20428,20432,20433
Western Australia,Australia,-31.9505,115.8605,861,863,867,868,869,872,874,874,874,875,877,878,879,881,884,886,887,887,888,888
,Austria,47.5162,14.5501,360815,362911,364302,365768,367410,369721,372190,374730,376793,379071,380722,382258,383833,385750,389260,390788,392511,393778,394939,396425
,Azerbaijan,40.1431,47.5769,218700,219041,219462,220265,220599,221401,222200,222885,223417,224050,224651,224827,225346,225820,226200,226549,226951,227273,227391,227696
,Bahamas,25.025885,-78.035889,7871,7887,7887,7914,7924,7928,7945,7959,7969,7969,7969,8004,8004,8011,8011,8021,8032,8032,8067,8068
,Bahrain,26.0275,50.55,92675,92913,93184,93478,93766,93995,94284,94633,95030,95317,95558,95879,96195,96470,96812,97020,97268,97607,97940,98260
,Bangladesh,23.685,90.3563,513510,514500,515184,516019,516929,517920,518898,519905,520690,521382,522453,523302,524020,524910,525723,526485,527063,527632,528329,529031
,Barbados,13.1939,-59.5432,383,395,395,556,606,643,743,743,780,808,878,884,968,1007,1036,1036,1095,1095,1095,1095
,Belarus,53.7098,27.9534,194284,196223,198125,199962,201831,203104,204958,206796,208601,210368,212201,213993,215724,217696,219663,221604,223537,225461,227360,228716
,Belgium,50.8333,4.469936,646496,648289,649169,650011,650887,652735,655732,658655,660703,662694,664263,665223,667322,670249,672886,675089,677209,678839,679771,681250
,Belize,17.1899,-88.4976,10776,10776,10807,10901,10938,11018,11108,11152,11202,11266,11303,11332,11366,11419,11456,11529,11529,11580,11592,11615
,Benin,9.3077,2.3158,3251,3251,3251,3251,3251,3304,3304,3304,3304,3304,3304,3363,3363,3413,3413,3413,3413,3413,3413,3413
,Bhutan,27.5142,90.4336,670,689,710,716,734,734,755,767,771,810,813,825,831,833,834,837,842,842,843,848
,Bolivia,-16.2902,-63.5887,160124,160985,162055,162661,163671,165268,166981,168891,171154,172798,173896,175288,176761,178818,181016,183589,185680,187183,188733,191090
,Bosnia and Herzegovina,43.9159,17.6791,110985,112143,112143,112645,112645,113392,113392,113392,114920,115379,115633,115633,116200,116668,117011,117011,117011,117011,118083,118383
,Botswana,-22.3285,24.6849,14805,14805,14805,14805,15368,15440,15440,16050,16050,16050,16050,16768,16768,16768,17365,17365,17365,17365,18630,18630
,Brazil,-14.235,-51.9253,7675973,7700578,7716405,7733746,7753752,7810400,7873830,7961673,8013708,8075998,8105790,8131612,8195637,8256536,8324294,8393492,8455059,8488099,8511770,8573864
,Brunei,4.5353,114.7277,157,157,157,172,172,172,172,173,173,173,173,173,174,174,174,174,174,174,174,174
,Bulgaria,42.7339,25.4858,202266,202540,202880,203051,204080,205390,206392,207259,208012,208406,208511,209131,209881,210416,210951,211503,211736,211813,212383,212927
,Burkina Faso,12.2383,-1.5616,6707,6828,6940,7051,7126,7342,7563,7713,7866,7866,8082,8279,8463,8546,8809,8882,9000,9188,9352,9352
,Burma,21.9162,95.956,124630,125042,125616,126345,126935,127584,128178,128772,129483,130049,130604,131186,131737,132260,132865,133378,133869,134318,134795,135243
,Burundi,-3.3731,29.9189,818,822,822,833,842,842,884,885,885,885,986,1019,1019,1062,1103,1150,1185,1236,1245,1253
,Cabo Verde,16.5388,-23.0418,11840,11872,11883,11920,11949,11983,12052,12146,12237,12316,12392,12433,12506,12592,12664,12776,12901,12993,13046,13139
,Cambodia,11.55,104.9167,378,379,381,382,382,383,385,386,387,391,391,392,398,411,426,436,439,439,441,448
,Cameroon,3.848,11.5021,26277,26848,26848,26848,26848,26848,26848,26848,26848,26848,26848,26848,27336,27336,27336,27336,28010,28010,28010,28010
Alberta,Canada,53.9333,-116.5765,100428,100428,100428,104228,105535,106378,107501,108469,109652,110641,111452,112091,112743,113618,114585,115370,116087,116837,117311,117767
British Columbia,Canada,53.7267,-127.6476,51990,51990,51990,51990,54201,54629,55254,56015,56632,56632,56632,58107,58553,59072,59608,60117,60117,60117,61447,61912
Diamond Princess,Canada,0,0,0,0,0,0,0,0,0,0,0,0,0,0,0,0,0,0,0,0,0,0
Grand Princess,Canada,0,0,13,13,13,13,13,13,13,13,13,13,13,13,13,13,13,13,13,13,13,13
Manitoba,Canada,53.7609,-98.8139,24700,24700,25026,25126,25244,25374,25541,25742,25963,26166,26316,26450,26540,26695,26954,27145,27322,27511,27629,27740
New Brunswick,Canada,46.5653,-66.4619,599,601,611,618,635,662,693,717,735,765,779,800,817,836,859,884,911,947,973,1004
Newfoundland and Labrador,Canada,53.1355,-57.6604,390,390,390,390,391,392,392,392,392,392,393,393,393,393,394,395,395,396,396,396
Northwest Territories,Canada,64.8255,-124.8457,24,24,24,24,24,24,24,24,24,24,24,24,24,24,24,25,25,25,25,28
Nova Scotia,Canada,44.682,-63.7443,1486,1486,1499,1499,1505,1508,1520,1524,1526,1529,1528,1533,1534,1542,1548,1550,1554,1558,1557,1561
Nunavut,Canada,70.2998,-83.1076,266,266,266,266,266,266,266,266,266,266,266,266,266,266,266,266,266,266,266,266
Ontario,Canada,51.2538,-85.3232,186355,187344,191035,195368,198929,202085,205283,208691,212962,216674,220394,223857,226609,229854,233065,236127,239066,242339,244883,247144
Prince Edward Island,Canada,46.5107,-63.4168,94,94,94,94,96,97,97,102,102,102,102,102,103,103,103,103,103,103,108,110
Quebec,Canada,52.9399,-73.5491,202641,202641,202641,210304,212850,215358,217999,220518,223106,226233,228821,230690,232624,234695,236827,238745,240970,242714,244348,245734
Repatriated Travellers,Canada,,,13,13,13,13,13,13,13,13,13,13,13,13,13,13,13,13,13,13,13,13
Saskatchewan,Canada,52.9399,-106.4509,15350,15350,15845,16083,16367,16520,16804,17138,17474,17803,17803,18522,18770,19017,19329,19715,19985,20272,20562,20871
Yukon,Canada,64.2823,-135,60,60,60,60,65,65,66,69,70,70,70,70,70,70,70,70,70,70,70,70
,Central African Republic,6.6111,20.9394,4963,4963,4963,4963,4963,4963,4963,4969,4969,4969,4973,4973,4973,4973,4973,4973,4973,4973,4973,4973
,Chad,15.4542,18.7322,2113,2141,2169,2213,2229,2289,2328,2358,2419,2510,2537,2589,2668,2709,2773,2807,2855,2895,2919,2977
,Chile,-35.6751,-71.543,608973,612564,615902,618191,620641,623101,625483,629176,633381,637742,641923,645892,649135,652525,656712,661180,665493,669832,673750,677151
Anhui,China,31.8257,117.2264,993,993,993,993,993,993,993,993,993,993,993,993,993,993,993,993,993,993,993,993
Beijing,China,40.1824,116.4142,987,988,990,992,993,994,994,995,995,996,997,998,998,999,999,1001,1003,1006,1007,1014
Chongqing,China,30.0572,107.874,590,590,590,590,590,590,590,590,590,590,590,590,590,590,590,591,591,591,591,591
Fujian,China,26.0789,117.9874,513,513,516,517,518,518,518,519,520,526,527,528,529,529,529,529,531,532,532,533
Gansu,China,35.7518,104.2861,182,182,182,182,182,182,182,182,182,182,182,182,182,182,182,182,182,182,182,182
Guangdong,China,23.3417,113.4244,2046,2046,2051,2053,2057,2060,2062,2065,2067,2068,2075,2076,2078,2081,2084,2084,2086,2087,2090,2093
Guangxi,China,23.8298,108.7881,264,264,264,264,264,264,264,264,264,264,264,264,264,265,266,266,266,266,266,266
Guizhou,China,26.8154,106.8748,147,147,147,147,147,147,147,147,147,147,147,147,147,147,147,147,147,147,147,147
Hainan,China,19.1959,109.7453,171,171,171,171,171,171,171,171,171,171,171,171,171,171,171,171,171,171,171,171
Hebei,China,39.549,116.1306,373,373,374,378,392,412,465,498,512,558,640,680,770,851,941,1031,1103,1157,1192,1211
Heilongjiang,China,47.862,127.7615,964,964,968,969,969,970,970,971,971,971,971,972,988,1031,1074,1097,1109,1116,1143,1159
Henan,China,37.8957,114.9042,1299,1299,1299,1299,1300,1300,1300,1301,1301,1301,1301,1302,1302,1303,1303,1303,1303,1303,1303,1303
Hong Kong,China,22.3,114.2,8846,8888,8923,8964,9017,9049,9074,9107,9152,9211,9242,9283,9343,9385,9414,9452,9502,9557,9664,9720
Hubei,China,30.9756,112.2707,68149,68149,68149,68149,68149,68149,68149,68149,68149,68149,68149,68149,68149,68149,68149,68149,68149,68149,68149,68149
Hunan,China,27.6104,111.7088,1021,1021,1021,1021,1021,1021,1021,1022,1022,1022,1022,1022,1022,1022,1022,1023,1024,1026,1026,1026
Inner Mongolia,China,44.0935,113.9448,364,364,365,366,366,366,366,366,366,366,366,366,366,366,366,366,366,366,366,366
Jiangsu,China,32.9711,119.455,684,684,684,684,685,685,685,686,687,687,687,687,687,687,688,688,688,688,688,688
Jiangxi,China,27.614,115.7221,935,935,935,935,935,935,935,935,935,935,935,935,935,935,935,935,935,935,935,935
Jilin,China,43.6661,126.1923,157,157,157,157,157,157,157,157,157,157,157,157,157,157,157,157,167,197,240,286
Liaoning,China,41.2956,122.6085,351,359,362,369,372,373,374,377,384,387,393,396,396,396,396,396,396,396,396,396
Macau,China,22.1667,113.55,46,46,46,46,46,46,46,46,46,46,46,46,46,46,46,46,46,46,46,46
Ningxia,China,37.2692,106.1655,75,75,75,75,75,75,75,75,75,75,75,75,75,75,75,75,75,75,75,75
Qinghai,China,35.7452,95.9956,18,18,18,18,18,18,18,18,18,18,18,18,18,18,18,18,18,18,18,18
Shaanxi,China,35.1917,108.8701,507,508,510,516,516,519,521,521,521,522,523,524,524,524,526,527,527,530,531,533
Shandong,China,36.3427,118.1498,862,863,863,863,863,863,863,863,864,864,864,864,864,864,864,864,865,865,865,865
Shanghai,China,31.202,121.4491,1516,1520,1526,1530,1536,1538,1543,1551,1558,1562,1564,1568,1573,1581,1583,1590,1594,1598,1602,1606
Shanxi,China,37.5777,112.2922,224,224,224,225,225,225,225,225,225,226,226,226,227,227,227,227,227,227,228,228
Sichuan,China,30.6171,102.7103,853,853,853,856,857,857,857,857,857,857,857,857,857,857,858,860,862,863,863,865
Tianjin,China,39.3054,117.323,309,312,313,314,315,316,316,316,316,320,322,324,324,324,324,327,328,329,329,330
Tibet,China,31.6927,88.0924,1,1,1,1,1,1,1,1,1,1,1,1,1,1,1,1,1,1,1,1
Xinjiang,China,41.1129,85.2401,980,980,980,980,980,980,980,980,980,980,980,980,980,980,980,980,980,980,980,980
Yunnan,China,24.974,101.487,230,230,230,230,230,230,230,230,230,230,231,231,231,231,231,231,231,231,231,231
Zhejiang,China,29.1832,120.0934,1306,1306,1306,1306,1306,1306,1306,1306,1306,1308,1308,1308,1308,1308,1309,1309,1309,1311,1314,1316
,Colombia,4.5709,-74.2973,1642775,1654880,1666408,1675820,1686131,1702966,1719771,1737347,1755568,1771363,1786900,1801903,1816082,1831980,1849101,1870179,1891034,1908413,1923132,1939071
,Comoros,-11.6455,43.3333,823,823,864,864,864,995,995,1050,1050,1150,1150,1160,1166,1169,1403,1469,1577,1592,1769,1864
,Congo (Brazzaville),-0.228,15.8277,7107,7107,7107,7107,7107,7107,7127,7127,7127,7127,7127,7127,7160,7160,7160,7709,7709,7709,7709,7709
,Congo (Kinshasa),-4.0383,21.7587,17658,17849,17998,18102,18153,18248,18487,18738,18969,19159,19436,19496,19707,20003,20479,20556,20693,20908,21060,21140
,Costa Rica,9.7489,-83.7534,169321,169321,169321,169321,172436,173591,175038,176407,177614,177614,177614,180061,181093,182156,183242,184187,184187,184187,186016,186877
,Cote d'Ivoire,7.54,-5.5471,22490,22563,22563,22648,22800,22855,22963,23173,23254,23482,23750,23894,24186,24369,24578,24856,24856,25241,25304,25383
,Croatia,45.1,15.2,210837,212007,212262,212958,213319,214390,216286,216848,217946,219347,219993,220223,220982,222117,223097,223812,224575,224954,225128,225648
,Cuba,21.521757,-77.781167,11863,12056,12225,12424,12740,12964,13165,13479,13823,14188,14576,15007,15494,16044,16549,17096,17501,18151,18443,18773
,Cyprus,35.1264,33.4299,22019,22818,23445,23974,24639,25208,25781,26208,26674,27011,27350,27638,27897,28124,28124,28609,28811,28968,29130,29294
,Czechia,49.8175,15.473,718661,732022,735469,740481,746714,759635,776967,794740,809601,822716,831165,835454,844799,855600,866522,874605,883906,889159,891852,899503
Faroe Islands,Denmark,61.8926,-6.9118,610,610,614,620,622,626,640,643,644,646,646,646,646,647,647,648,649,649,649,650
Greenland,Denmark,71.7069,-42.6043,27,27,27,27,27,28,28,27,29,29,29,29,29,29,30,30,30,30,30,30
,Denmark,56.2639,9.5018,163479,165930,167541,168711,170787,172779,174995,176837,178497,180240,181486,182725,183801,185159,185159,187320,188199,189088,189895,190619
,Diamond Princess,0,0,712,712,712,712,712,712,712,712,712,712,712,712,712,712,712,712,712,712,712,712
,Djibouti,11.8251,42.5903,5831,5840,5841,5842,5846,5854,5855,5857,5865,5866,5871,5877,5879,5891,5900,5903,5903,5905,5905,5910
,Dominica,15.415,-61.371,88,88,88,88,88,88,105,105,106,106,106,109,109,109,109,109,110,110,110,110
,Dominican Republic,18.7357,-70.1627,170785,172218,172965,173331,175374,175849,176378,177493,178538,180644,182103,183282,184788,186383,187487,188969,191339,193118,194966,196591
,Ecuador,-1.8312,-78.1834,212512,213378,214513,214614,215080,216083,217377,218385,219148,220349,221070,221506,222567,224315,226002,226866,230808,231482,231644,232568
,Egypt,26.820553,30.802498,138062,139471,140878,142187,143464,144583,145590,146809,147810,148799,149792,150753,151723,152719,153741,154620,155507,156397,157275,158174
,El Salvador,13.7942,-88.8965,45960,45960,45960,46803,47087,47355,47355,47948,48255,48574,48905,48905,49539,49539,50157,50157,50784,50784,51437,51437
,Equatorial Guinea,1.6508,10.2679,5277,5277,5277,5277,5279,5279,5286,5286,5289,5289,5289,5296,5296,5316,5316,5316,5356,5356,5365,5365
,Eritrea,15.1794,39.7823,1320,1320,1320,1320,1363,1363,1445,1445,1556,1556,1556,1556,1596,1596,1805,1877,1877,1877,1877,1877
,Estonia,58.5953,25.0136,27990,28406,28789,29131,29521,29950,30667,31751,32537,33089,33516,33805,34138,34991,35621,36096,36691,37079,37344,37941
,Eswatini,-26.5225,31.4659,9358,9482,9711,9943,10138,10338,10539,10773,10975,11180,11435,11711,11919,12124,12327,12532,12736,12944,13187,13443
,Ethiopia,9.145,40.4897,124264,124652,125049,125622,125919,126241,126786,127227,127572,127792,128316,128616,128992,129455,129922,130326,130772,131195,131546,131727
,Fiji,-17.7134,178.065,49,49,49,49,49,53,53,53,53,53,53,53,53,53,53,53,55,55,55,55
,Finland,61.92411,25.748151,36107,36403,36604,36772,36919,37218,37549,37772,38068,38392,38590,38790,39011,39335,39593,39911,40101,40337,40505,40722
French Guiana,France,3.9339,-53.1258,13045,13166,13273,13273,13273,13374,13497,13632,13825,13970,14113,14113,14221,14370,14370,14526,14776,14975,14975,15055
French Polynesia,France,-17.6797,149.4068,16926,16926,16926,16926,16988,17088,17131,17195,17241,17241,17241,17340,17403,17483,17590,17635,17635,17635,17697,17697
Guadeloupe,France,16.265,-61.551,8620,8620,8620,8620,8620,8702,8702,8702,8702,8702,8702,8702,8834,8834,8834,8834,8834,8834,8834,8948
Martinique,France,14.6415,-61.0242,6072,6091,6091,6091,6091,6117,6117,6117,6117,6117,6117,6117,6227,6227,6227,6227,6227,6227,6227,6302
Mayotte,France,-12.8275,45.166244,5890,5890,5890,5890,5890,6045,6045,6045,6045,6232,6232,6255,6255,6255,6255,6611,6611,6611,6611,6789
New Caledonia,France,-20.904305,165.618042,38,38,38,40,40,40,40,40,40,40,40,40,40,40,40,41,44,44,44,44
Reunion,France,-21.1151,55.5364,8972,9037,9037,9037,9037,9118,9118,9173,9173,9247,9247,9359,9359,9359,9359,9406,9443,9443,9443,9552
Saint Barthelemy,France,17.9,-62.8333,190,190,190,190,190,190,206,206,206,206,206,206,206,206,251,251,251,251,251,251
Saint Pierre and Miquelon,France,46.8852,-56.3159,16,16,16,16,16,16,16,16,16,16,16,16,16,16,16,16,16,16,16,16
St Martin,France,18.0708,-63.0501,995,995,995,995,995,995,1025,1025,1025,1025,1025,1025,1025,1025,1076,1076,1076,1076,1076,1076
Wallis and Futuna,France,-14.2938,-178.1165,0,0,0,4,4,4,4,4,4,4,4,4,4,4,4,4,4,4,4,4
,France,46.2276,2.2137,2616902,2636045,2639404,2651893,2655915,2676195,2701215,2701215,2742349,2762120,2777921,2781503,2800770,2824473,2845701,2866769,2866769,2903975,2907711,2931050
,Gabon,-0.8037,11.6094,9571,9571,9571,9571,9605,9605,9641,9641,9694,9694,9694,9740,9740,9819,9819,9899,9899,9899,10019,10019
,Gambia,13.4432,-15.3101,3797,3800,3800,3800,3800,3812,3812,3833,3838,3841,3857,3857,3876,3885,3893,3897,3897,3910,3933,3938
,Georgia,42.3154,43.3569,227420,228410,228752,229169,229763,232079,233879,235491,236028,238086,239229,239780,241637,243255,244612,245789,247025,247805,247915,249465
,Germany,51.165691,10.451526,1760520,1762637,1773540,1783896,1796216,1814565,1841228,1886561,1905638,1928462,1929410,1941116,1968326,1993892,2015235,2023828,2038645,2050129,2059382,2071615
,Ghana,7.9465,-1.0232,54771,54930,55064,55168,55168,55168,55168,55461,55461,55772,55772,56230,56421,56981,56981,56981,56981,57714,58065,58431
,Greece,39.0742,21.8243,138850,139447,139709,140099,140526,141453,142267,142777,143494,144293,144738,145179,146020,146688,147283,147860,148370,148607,148925,149462
,Grenada,12.1165,-61.679,127,127,127,127,127,127,127,127,127,127,127,132,132,132,132,139,139,139,139,139
,Guatemala,15.7835,-90.2308,138012,138236,138316,138475,138656,139419,140202,141074,142064,143127,143243,143243,144982,145986,146937,147560,148598,148888,149146,150277
,Guinea,9.9456,-9.6966,13722,13738,13784,13784,13799,13845,13845,13904,13904,13942,13942,13980,14025,14051,14051,14065,14098,14114,14165,14207
,Guinea-Bissau,11.8037,-15.1804,2452,2452,2452,2455,2455,2455,2455,2455,2455,2455,2478,2478,2478,2478,2478,2478,2478,2509,2509,2510
,Guyana,4.860416,-58.93018,6332,6348,6351,6358,6379,6407,6407,6469,6469,6541,6574,6588,6653,6696,6745,6805,6851,6908,6931,6950
,Haiti,18.9712,-72.2852,10015,10015,10077,10127,10127,10127,10127,10203,10241,10272,10272,10386,10415,10569,10635,10635,10681,10781,10907,10907
,Holy See,41.9029,12.4534,27,27,27,27,27,27,27,27,27,27,27,27,27,27,27,27,27,27,27,27
,Honduras,15.2,-86.2419,121827,122974,123144,123369,123398,123822,124899,125118,125557,126943,127945,128701,129805,131009,131963,132412,133507,134111,134938,136068
,Hungary,47.1625,19.5033,322514,325278,326688,327995,328851,329721,331768,334836,337743,340459,342237,343656,344352,345710,347636,349149,350587,351828,352703,353276
,Iceland,64.9631,-19.0208,5754,5754,5754,5754,5795,5811,5832,5845,5867,5880,5890,5898,5912,5935,5948,5956,5956,5956,5970,5970
,India,20.593684,78.96288,10266674,10286709,10323965,10340469,10356844,10374932,10395278,10413417,10413417,10450284,10466595,10479179,10495147,10512093,10527683,10542841,10557985,10571773,10581823,10595639
,Indonesia,-0.7893,113.9213,743198,751270,758473,765350,772103,779548,788402,797723,808340,818386,828026,836718,846765,858043,869600,882418,896642,907929,917015,927380
,Iran,32.427908,53.688046,1225142,1231429,1237474,1243434,1249507,1255620,1261903,1268263,1274514,1280438,1286406,1292614,1299022,1305339,1311810,1318295,1324395,1330411,1336217,1342134
,Iraq,33.223191,43.679291,595291,596193,597033,597774,598369,599126,599965,600755,601424,602331,602938,603739,604549,605416,606186,606991,607587,608232,609029,609852
,Ireland,53.1424,-7.6921,91779,93532,96926,101887,107997,113322,121154,127657,135884,140727,147613,152539,155591,159144,163057,166548,169780,172726,174843,176839
,Israel,31.046051,34.851612,423262,428510,434799,441542,448173,456139,463448,471048,477357,485434,491319,501073,510063,520060,529814,535049,543499,551689,558249,565629
,Italy,41.87194,12.56738,2107166,2129376,2141201,2155446,2166244,2181619,2201945,2220361,2237890,2257866,2276491,2289021,2303263,2319036,2336279,2352423,2368733,2381277,2390102,2400598
,Jamaica,18.1096,-77.2975,12827,12915,12931,13049,13203,13246,13330,13368,13411,13455,13548,13637,13760,13852,13915,13992,14096,14161,14274,14419
,Japan,36.204824,138.252924,235811,239068,242097,245293,248625,253571,259521,267084,274947,282737,288818,293746,298321,304140,310734,317871,324942,330715,335605,340989
,Jordan,31.24,36.51,294494,295765,296668,298208,299831,301303,302856,304071,305163,305959,307209,308670,309846,310968,312043,312851,313557,314514,315544,316427
,Kazakhstan,48.0196,66.9237,201196,202060,202880,203563,204293,205064,205933,206840,207683,208596,209369,210086,210976,211901,212812,213855,214927,215947,216964,218216
,Kenya,-0.0236,37.9062,96458,96614,96678,96802,96908,97127,97398,97733,97954,98184,98271,98334,98432,98555,98693,98859,99082,99162,99227,99308
,"Korea, South",35.907757,127.766922,61769,62593,63244,64264,64979,65818,66686,67358,67999,68664,69114,69651,70212,70728,71241,71820,72340,72729,73115,73518
,Kosovo,42.602636,20.902977,51144,51502,51502,51965,51965,52333,52333,52943,53264,53264,53776,53982,54261,54560,54839,55135,55135,55851,55851,56118
,Kuwait,29.31166,47.481766,150584,150869,151074,151343,151715,152027,152438,152978,153473,153900,154314,154841,155335,155874,156434,156964,157399,157777,158244,158822
,Kyrgyzstan,41.20438,74.766098,81034,81156,81214,81388,81388,81512,81656,81826,81991,82138,82273,82380,82587,82587,82723,82986,83109,83178,83178,83430
,Laos,19.85627,102.495496,41,41,41,41,41,41,41,41,41,41,41,41,41,41,41,41,41,41,41,41
,Latvia,56.8796,24.6032,40904,41615,41929,42497,43118,43942,45171,46545,47782,48952,49568,49899,50777,52032,52982,54066,55097,55664,55908,56720
,Lebanon,33.8547,35.8623,181503,183888,186408,189278,192139,195759,199925,204699,210139,215553,219296,222391,226948,231936,237132,243286,249158,252812,255956,260315
,Lesotho,-29.61,28.2336,3094,3206,3206,3206,3206,3206,4137,4351,5170,5203,5937,5937,5937,6241,6356,6371,6371,6371,7018,7018
,Liberia,6.428055,-9.429499,1779,1779,1779,1779,1779,1779,1779,1779,1779,1779,1779,1779,1876,1877,1878,1882,1887,1887,1896,1898
,Libya,26.3351,17.228331,100277,100744,100744,101414,101975,102456,102880,103515,104002,104002,104745,105378,106030,106670,107434,108017,108017,109088,109869,110465
,Liechtenstein,47.14,9.55,2136,2175,2202,2222,2224,2246,2295,2309,2311,2329,2340,2346,2355,2370,2375,2378,2383,2389,2395,2398
,Lithuania,55.1694,23.8813,140579,143903,145399,146637,147997,149497,152215,154550,156539,158180,159672,160446,161348,163042,164414,165560,166680,167516,167992,168708
,Luxembourg,49.8153,6.1296,46415,46415,46415,46415,46986,47149,47430,47592,47744,47744,47744,48027,48181,48372,48486,48630,48630,48630,48890,48975
,MS Zaandam,0,0,9,9,9,9,9,9,9,9,9,9,9,9,9,9,9,9,9,9,9,9
,Madagascar,-18.766947,46.869107,17714,17714,17767,17767,17767,17767,17767,17767,17767,17767,18001,18001,18001,18001,18001,18001,18001,18301,18301,18301
,Malawi,-13.2543,34.3015,6583,6684,6712,6844,6935,7110,7337,7611,7925,8306,8575,9027,9027,9400,9991,11223,11785,12470,13027,13880
,Malaysia,4.210484,101.975766,113010,115078,117373,119077,120818,122845,125438,128465,131108,133559,135992,138224,141533,144518,147855,151066,155095,158434,161740,165371
,Maldives,3.2028,73.2207,13757,13804,13834,13867,13893,13930,13967,13988,14040,14065,14109,14159,14218,14277,14325,14375,14426,14513,14582,14633
,Mali,17.570692,-3.996166,7090,7203,7226,7253,7260,7349,7395,7427,7512,7565,7600,7664,7687,7738,7759,7800,7823,7839,7855,7880
,Malta,35.9375,14.3754,12774,12909,12997,13082,13230,13388,13612,13776,13967,14212,14396,14529,14769,14958,15079,15272,15447,15588,15742,15942
,Marshall Islands,7.1315,171.1845,4,4,4,4,4,4,4,4,4,4,4,4,4,4,4,4,4,4,4,4
,Mauritania,21.0079,-10.9408,14364,14581,14677,14794,14875,14981,15111,15214,15352,15429,15512,15611,15707,15794,15893,15963,15999,16039,16081,16147
,Mauritius,-20.348404,57.552152,527,527,527,527,531,531,539,539,539,539,539,545,546,547,547,547,547,547,556,556
,Mexico,23.6345,-102.5528,1426094,1437185,1443544,1448755,1455219,1466490,1479835,1493569,1507931,1524036,1534039,1541633,1556028,1571901,1588369,1609735,1630258,1641428,1649502,1668396
,Moldova,47.4116,28.3699,144818,145258,145694,145873,146309,146921,147871,148294,148669,149093,149391,149662,150138,150946,151687,152263,152640,152854,153112,153506
,Monaco,43.7333,7.4167,875,885,901,907,917,947,978,1018,1041,1053,1057,1070,1092,1128,1145,1169,1194,1205,1212,1240
,Mongolia,46.8625,103.8467,1220,1242,1263,1286,1308,1308,1308,1395,1408,1429,1442,1456,1469,1479,1491,1512,1517,1526,1536,1568
,Montenegro,42.708678,19.37439,48247,48589,48856,49195,49630,50054,50697,51160,51596,51999,52431,52819,53338,53840,54316,54730,55136,55493,55803,56228
,Morocco,31.7917,-7.0926,439193,440970,442141,443146,443802,445439,447081,448678,450221,451637,452532,452988,453789,455055,456334,457625,458865,459671,460144,461390
,Mozambique,-18.665695,35.529562,18642,18794,18968,19309,19463,19542,19667,19961,20482,21361,21939,22334,22996,23726,24269,25004,25862,26551,27446,28270
,Namibia,-22.9576,18.4904,23941,24545,24654,25116,25386,25887,26319,26682,27255,27723,28259,28602,28871,29183,29570,29889,30198,30363,30753,30995
,Nepal,28.1667,84.25,260593,261019,261438,261859,262262,262784,263193,263605,264159,264521,264780,265268,265698,266143,266546,266816,267056,267322,267644,267992
Aruba,Netherlands,12.5211,-69.9683,5489,5509,5532,5564,5606,5716,5811,5883,5977,6013,6042,6068,6154,6228,6296,6350,6405,6435,6451,6523
"Bonaire, Sint Eustatius and Saba",Netherlands,12.1784,-68.2385,196,196,196,196,196,196,196,196,196,196,196,196,196,196,196,196,196,196,196,196
Curacao,Netherlands,12.1696,-68.99,4260,4289,4294,4317,4323,4342,4378,4405,4422,4445,4458,4464,4469,4488,4498,4505,4514,4514,4523,4527
Sint Maarten,Netherlands,18.0425,-63.0548,1456,1458,1462,1462,1465,1504,1512,1531,1554,1554,1555,1575,1589,1607,1629,1641,1641,1656,1669,1677
,Netherlands,52.1326,5.2913,796981,805164,813765,821163,827726,834064,841163,850790,858914,866235,872847,878263,883135,889221,895687,901696,906956,912554,917308,921580
,New Zealand,-40.9006,174.886,2162,2162,2181,2181,2186,2186,2188,2188,2188,2219,2222,2222,2228,2228,2246,2246,2256,2262,2262,2267
,Nicaragua,12.865416,-85.207229,6046,6046,6046,6046,6046,6097,6097,6097,6097,6097,6097,6097,6152,6152,6152,6152,6152,6152,6152,6204
,Niger,17.607789,8.081666,3323,3403,3437,3465,3465,3500,3634,3706,3747,3819,3877,3924,3969,3998,4058,4105,4132,4156,4204,4225
,Nigeria,9.082,8.6753,87607,88587,89163,90080,91351,92705,94369,95934,97478,99063,100087,101331,102601,103999,105478,107345,108943,110387,112004,113305
,North Macedonia,41.6086,21.7453,83329,83743,83789,84024,84129,84709,85328,85494,85594,86150,86494,86597,87117,87590,87986,88389,88749,88938,88992,89392
,Norway,60.472,8.4689,49567,49803,50266,50716,51245,52180,52967,53792,54476,54919,55474,55903,56615,57282,57736,58202,58445,58651,59034,59456
,Oman,21.512583,55.923255,128867,128867,128867,129404,129584,129774,129888,130070,130070,130070,130608,130780,130944,131086,131264,131264,131264,131790,132011,132146
,Pakistan,30.3753,69.3451,482178,484362,486634,488529,490476,492594,495075,497510,499517,502416,504293,506701,508824,511921,514338,516770,519291,521211,523011,524783
,Panama,8.538,-80.7821,246790,249733,251764,253736,256230,259770,264956,269091,273037,276772,279196,281353,285093,288408,291285,293592,296269,298019,299361,301534
,Papua New Guinea,-6.314993,143.95555,780,780,780,799,799,799,799,799,811,811,811,819,823,833,834,834,834,834,834,834
,Paraguay,-23.4425,-58.4438,107932,108349,108718,109073,109837,110796,111694,112856,113994,115026,115733,116535,117590,118592,119640,120789,121648,122160,122588,123359
,Peru,-9.19,-75.0152,1015137,1015137,1015137,1018099,1019475,1019475,1022018,1022018,1026180,1026180,1026180,1035184,1037350,1040231,1040231,1056023,1056023,1060567,1060567,1060567
,Philippines,12.879721,121.774017,474064,475820,476916,477807,478761,479693,480737,482083,483852,485797,487690,489736,491258,492700,494605,496646,498691,500577,502736,504084
,Poland,51.9194,19.1451,1294878,1305774,1312780,1318562,1322947,1330543,1344763,1356882,1365645,1376389,1385522,1390385,1395779,1404905,1414362,1422320,1429612,1435582,1438914,1443804
,Portugal,39.3999,-8.2245,413678,420629,423870,427254,431623,436579,446606,456533,466709,476187,483689,489293,496552,507108,517806,528469,539416,549801,556503,566958
,Qatar,25.3548,51.1839,143834,144042,144240,144437,144644,144852,145061,145271,145466,145672,145865,146068,146279,146480,146689,146885,147089,147277,147504,147729
,Romania,45.9432,24.9668,632263,636201,637395,640429,643559,648288,654007,658958,663799,668202,671284,673271,676968,681392,684917,688270,691488,693644,695153,697898
,Russia,61.52401,105.318756,3127347,3153960,3179898,3203743,3226758,3250713,3274615,3297833,3321163,3344175,3366715,3389733,3412390,3434934,3459237,3483531,3507201,3530379,3552888,3574330
,Rwanda,-1.9403,29.8739,8383,8460,8567,8676,8848,8955,9058,9225,9368,9461,9630,9784,9950,10122,10316,10573,10850,11032,11259,11548
,Saint Kitts and Nevis,17.357822,-62.782998,32,32,33,33,33,33,33,33,34,34,34,34,34,34,34,34,34,34,35,35
,Saint Lucia,13.9094,-60.9789,353,353,353,353,360,380,382,383,395,438,438,462,490,502,543,576,611,611,621,656
,Saint Vincent and the Grenadines,12.9843,-61.2872,121,121,122,124,124,133,149,149,149,225,249,249,284,284,340,450,450,478,494,602
,Samoa,-13.759,-172.1046,2,2,2,2,2,2,2,2,2,2,2,2,2,2,2,2,2,2,2,2
,San Marino,43.9424,12.4578,2428,2428,2428,2428,2493,2549,2549,2583,2628,2628,2628,2667,2706,2723,2737,2767,2778,2778,2787,2803
,Sao Tome and Principe,0.1864,6.6131,1014,1022,1024,1024,1024,1024,1025,1035,1054,1066,1066,1066,1090,1105,1119,1125,1130,1142,1142,1151
,Saudi Arabia,23.885942,45.079162,362741,362878,362979,363061,363155,363259,363377,363485,363582,363692,363809,363949,364096,364271,364440,364613,364753,364929,365099,365325
,Senegal,14.4974,-14.4524,19140,19364,19511,19697,19803,19964,20156,20376,20672,21000,21245,21533,21685,21883,22178,22396,22738,23028,23224,23392
,Serbia,44.0165,21.0059,337923,339997,341904,343870,346585,349238,352120,353907,356125,356125,359689,361782,363924,366191,368072,369823,371216,372533,374111,375799
,Seychelles,-4.6796,55.492,256,256,285,297,322,354,373,373,451,508,531,583,601,612,627,656,696,705,746,746
,Sierra Leone,8.460555,-11.779889,2611,2635,2646,2673,2673,2724,2739,2757,2782,2803,2834,2846,2864,2887,2933,2959,2970,3006,3014,3030
,Singapore,1.2833,103.8333,58599,58629,58662,58697,58721,58749,58780,58813,58836,58865,58907,58929,58946,58984,59029,59059,59083,59113,59127,59157
,Slovakia,48.669,19.699,179543,184508,186244,187463,188099,191088,196047,198184,201164,205236,208209,209069,211479,215055,217978,220707,222752,223325,224385,226294
,Slovenia,46.1512,14.9955,122152,123950,124343,125086,125858,128370,131724,134545,136629,138518,139281,139713,141587,143679,145472,147016,148556,149125,149424,151137
,Solomon Islands,-9.6457,160.1562,17,17,17,17,17,17,17,17,17,17,17,17,17,17,17,17,17,17,17,17
,Somalia,5.152149,46.199616,4714,4714,4714,4714,4714,4714,4726,4726,4726,4726,4726,4726,4726,4726,4744,4744,4744,4744,4744,4744
,South Africa,-30.5595,22.9375,1057161,1073887,1088889,1100748,1113349,1127759,1149591,1170590,1192570,1214176,1231597,1246643,1259748,1278303,1296806,1311686,1325659,1337926,1346936,1356716
,South Sudan,6.877,31.307,3558,3558,3558,3558,3589,3589,3589,3589,3589,3589,3649,3662,3670,3670,3670,3670,3670,3693,3703,3762
,Spain,40.463667,-3.74922,1928265,1928265,1928265,1928265,1958844,1982544,1982544,2024904,2050360,2050360,2050360,2111782,2137220,2176089,2211967,2252164,2252164,2252164,2336451,2370742
,Sri Lanka,7.873054,80.771797,43299,43856,44371,44774,45242,45726,46248,46780,47305,47840,48380,48949,49537,50229,50899,51594,52313,53062,53750,54419
,Sudan,12.8628,30.2176,23316,23316,23316,23316,23316,23316,23316,23316,23316,23316,23316,23316,23316,25730,25730,25730,25730,26279,26279,26279
,Suriname,3.9193,-56.0278,6210,6277,6343,6393,6493,6586,6666,6750,6854,6948,7008,7064,7178,7247,7300,7409,7469,7527,7624,7709
,Sweden,60.128161,18.643501,437379,437379,437379,437379,437379,469748,469748,482284,489471,489471,489471,489471,506866,512203,518783,523486,523486,523486,523486,533265
,Switzerland,46.8182,8.2275,452296,452296,452296,452296,461961,465981,470789,474764,477983,477983,477983,484506,487357,490358,492832,495228,495228,495228,499931,502191
,Syria,34.802075,38.996815,11434,11526,11616,11710,11799,11890,11988,12084,12179,12274,12364,12462,12558,12660,12760,12850,12942,13036,13132,13224
,Taiwan*,23.7,121,799,802,808,812,815,817,819,822,825,828,828,834,838,842,842,843,851,855,862,868
,Tajikistan,38.861,71.2761,13296,13296,13300,13300,13300,13305,13305,13305,13305,13305,13308,13308,13308,13308,13308,13308,13308,13308,13308,13308
,Tanzania,-6.369028,34.888822,509,509,509,509,509,509,509,509,509,509,509,509,509,509,509,509,509,509,509,509
,Thailand,15.870032,100.992541,7163,7379,7694,8439,8966,9331,9636,9841,10053,10298,10547,10834,10991,10991,11450,11680,12054,12423,12594,12653
,Timor-Leste,-8.874217,125.727539,44,44,44,46,49,49,49,49,49,49,49,49,49,51,51,51,52,52,52,52
,Togo,8.6195,0.8248,3633,3662,3683,3702,3722,3770,3807,3845,3894,3932,3957,3978,4045,4109,4165,4220,4272,4302,4324,4383
,Trinidad and Tobago,10.6918,-61.2225,7150,7158,7162,7168,7178,7186,7196,7210,7219,7244,7265,7273,7286,7305,7320,7343,7370,7393,7399,7415
,Tunisia,33.886917,9.537499,139140,140557,141979,143544,144796,147061,149881,152254,154903,157514,159276,162350,164936,168568,170895,175065,177231,180090,181885,184483
,Turkey,38.9637,35.2433,2208652,2220855,2232035,2241912,2255607,2270101,2283931,2296102,2307581,2317118,2326256,2336476,2346285,2355839,2364801,2373115,2380665,2387101,2392963,2399781
,US,40,-100,20032035,20190585,20488616,20698122,20879194,21109622,21361405,21636431,21929157,22193777,22410067,22623371,22848794,23078960,23314521,23556097,23758855,23936773,24078772,24246830
,Uganda,1.373333,32.290275,35216,35511,35712,35922,36050,36407,36702,37074,37296,37554,37742,37808,37948,38085,38085,38085,38085,38085,38085,38534
,Ukraine,48.3794,31.1656,1086997,1096855,1102256,1107137,1111631,1117256,1124482,1133802,1139800,1144943,1150265,1154850,1160243,1166958,1175343,1183963,1192114,1198512,1201894,1206125
,United Arab Emirates,23.424076,53.847818,207822,209678,211641,213231,214732,216699,218766,221754,224704,227702,230578,232982,236225,239587,242969,246376,249808,253261,256732,260223
Anguilla,United Kingdom,18.2206,-63.0686,13,13,13,15,15,15,15,15,15,15,15,15,15,15,15,15,15,15,15,15
Bermuda,United Kingdom,32.3078,-64.7505,604,604,622,622,624,632,632,636,641,646,652,656,656,661,664,667,670,670,683,684
British Virgin Islands,United Kingdom,18.4207,-64.64,86,86,86,86,86,97,97,97,114,114,114,114,114,114,114,114,114,114,114,114
Cayman Islands,United Kingdom,19.3133,-81.2546,338,338,338,338,347,350,356,359,359,359,359,362,362,362,368,374,374,374,380,381
Channel Islands,United Kingdom,49.3723,-2.3644,3058,3059,3059,3121,3142,3164,3194,3210,3223,3260,3277,3299,3310,3324,3337,3353,3356,3363,3370,3386
Falkland Islands (Malvinas),United Kingdom,-51.7963,-59.5236,29,29,29,29,29,29,29,29,29,29,29,29,29,32,32,32,32,32,32,32
Gibraltar,United Kingdom,36.1408,-5.3536,2040,2212,2304,2406,2513,2626,2798,2928,3021,3109,3170,3240,3324,3431,3509,3575,3637,3670,3712,3793
Isle of Man,United Kingdom,54.2361,-4.5481,377,377,380,380,380,386,389,390,392,394,396,403,406,414,417,418,419,428,432,432
Montserrat,United Kingdom,16.742498,-62.187366,13,13,13,13,13,13,13,13,13,13,13,13,13,13,13,13,13,13,13,13
Turks and Caicos Islands,United Kingdom,21.694,-71.7979,893,893,909,910,910,918,941,956,965,994,994,994,1011,1011,1030,1062,1079,1102,1105,1105
,United Kingdom,55.3781,-3.436,2488780,2542065,2599789,2654779,2713563,2774479,2836801,2889419,2957472,3017409,3072349,3118518,3164051,3211576,3260258,3316019,3357361,3395959,3433494,3466849
,Uruguay,-32.5228,-55.7658,19119,19753,20275,20823,21426,22104,23048,23807,24339,24974,26186,26901,27846,28475,29989,30946,31669,32378,32863,33446
,Uzbekistan,41.377491,64.585262,77060,77182,77182,77258,77258,77295,77350,77412,77485,77530,77572,77611,77663,77716,77777,77904,77968,77968,78036,78091
,Vanuatu,-15.3767,166.9592,1,1,1,1,1,1,1,1,1,1,1,1,1,1,1,1,1,1,1,1
,Venezuela,6.4238,-66.5897,113558,113884,114083,114230,114407,114662,114908,115322,115667,116172,116610,116983,117299,117811,118415,118856,119306,119803,120444,121117
,Vietnam,14.058324,108.277199,1465,1474,1482,1494,1497,1504,1505,1509,1512,1513,1514,1515,1520,1521,1531,1536,1537,1537,1539,1540
,West Bank and Gaza,31.9522,35.2332,138004,139223,140287,141219,142228,143169,144257,145252,146074,146701,147400,148171,148968,149769,150505,151142,151569,152031,152555,153093
,Yemen,15.552727,48.516388,2099,2101,2101,2101,2101,2101,2102,2104,2104,2104,2104,2105,2107,2109,2110,2111,2112,2112,2113,2115
,Zambia,-13.133897,27.849332,20725,20997,21230,21582,21993,22645,23495,24297,25326,26567,27728,28596,29757,31100,32800,34278,36074,37605,38207,39515
,Zimbabwe,-19.015438,29.154857,13867,14084,14491,15265,15829,17194,17804,18675,19660,20499,21477,22297,23239,24256,25368,26109,26881,27203,27892,28675
